-- Give every CIV production, gold, science, culture and faith scale per era.
INSERT INTO TraitModifiers (TraitType, ModifierId) VALUES
("TRAIT_LEADER_MAJOR_CIV", "PRODUCTION_SCALING_CLASSICAL"),
("TRAIT_LEADER_MAJOR_CIV", "PRODUCTION_SCALING_MEDIEVAL"),
("TRAIT_LEADER_MAJOR_CIV", "PRODUCTION_SCALING_RENAISSANCE"),
("TRAIT_LEADER_MAJOR_CIV", "PRODUCTION_SCALING_INDUSTRIAL"),
("TRAIT_LEADER_MAJOR_CIV", "PRODUCTION_SCALING_MODERN"),
("TRAIT_LEADER_MAJOR_CIV", "PRODUCTION_SCALING_ATOMIC"),
("TRAIT_LEADER_MAJOR_CIV", "PRODUCTION_SCALING_INFO"),
("TRAIT_LEADER_MAJOR_CIV", "PRODUCTION_SCALING_FUTURE"),
("TRAIT_LEADER_MAJOR_CIV", "GOLD_SCALING_CLASSICAL"),
("TRAIT_LEADER_MAJOR_CIV", "GOLD_SCALING_MEDIEVAL"),
("TRAIT_LEADER_MAJOR_CIV", "GOLD_SCALING_RENAISSANCE"),
("TRAIT_LEADER_MAJOR_CIV", "GOLD_SCALING_INDUSTRIAL"),
("TRAIT_LEADER_MAJOR_CIV", "GOLD_SCALING_MODERN"),
("TRAIT_LEADER_MAJOR_CIV", "GOLD_SCALING_ATOMIC"),
("TRAIT_LEADER_MAJOR_CIV", "GOLD_SCALING_INFO"),
("TRAIT_LEADER_MAJOR_CIV", "GOLD_SCALING_FUTURE"),
("TRAIT_LEADER_MAJOR_CIV", "SCIENCE_SCALING_CLASSICAL"),
("TRAIT_LEADER_MAJOR_CIV", "SCIENCE_SCALING_MEDIEVAL"),
("TRAIT_LEADER_MAJOR_CIV", "SCIENCE_SCALING_RENAISSANCE"),
("TRAIT_LEADER_MAJOR_CIV", "SCIENCE_SCALING_INDUSTRIAL"),
("TRAIT_LEADER_MAJOR_CIV", "SCIENCE_SCALING_MODERN"),
("TRAIT_LEADER_MAJOR_CIV", "SCIENCE_SCALING_ATOMIC"),
("TRAIT_LEADER_MAJOR_CIV", "SCIENCE_SCALING_INFO"),
("TRAIT_LEADER_MAJOR_CIV", "SCIENCE_SCALING_FUTURE"),
("TRAIT_LEADER_MAJOR_CIV", "CULTURE_SCALING_CLASSICAL"),
("TRAIT_LEADER_MAJOR_CIV", "CULTURE_SCALING_MEDIEVAL"),
("TRAIT_LEADER_MAJOR_CIV", "CULTURE_SCALING_RENAISSANCE"),
("TRAIT_LEADER_MAJOR_CIV", "CULTURE_SCALING_INDUSTRIAL"),
("TRAIT_LEADER_MAJOR_CIV", "CULTURE_SCALING_MODERN"),
("TRAIT_LEADER_MAJOR_CIV", "CULTURE_SCALING_ATOMIC"),
("TRAIT_LEADER_MAJOR_CIV", "CULTURE_SCALING_INFO"),
("TRAIT_LEADER_MAJOR_CIV", "CULTURE_SCALING_FUTURE"),
("TRAIT_LEADER_MAJOR_CIV", "FAITH_SCALING_CLASSICAL"),
("TRAIT_LEADER_MAJOR_CIV", "FAITH_SCALING_MEDIEVAL"),
("TRAIT_LEADER_MAJOR_CIV", "FAITH_SCALING_RENAISSANCE"),
("TRAIT_LEADER_MAJOR_CIV", "FAITH_SCALING_INDUSTRIAL"),
("TRAIT_LEADER_MAJOR_CIV", "FAITH_SCALING_MODERN"),
("TRAIT_LEADER_MAJOR_CIV", "FAITH_SCALING_ATOMIC"),
("TRAIT_LEADER_MAJOR_CIV", "FAITH_SCALING_INFO"),
("TRAIT_LEADER_MAJOR_CIV", "FAITH_SCALING_FUTURE");

INSERT INTO Modifiers (ModifierId, ModifierType, OwnerRequirementSetId) VALUES
("PRODUCTION_SCALING_CLASSICAL", "MODIFIER_PLAYER_CITIES_ADJUST_CITY_YIELD_MODIFIER", "HIGH_DIFFICULTY_AI_CLASSICAL"),
("PRODUCTION_SCALING_MEDIEVAL", "MODIFIER_PLAYER_CITIES_ADJUST_CITY_YIELD_MODIFIER", "HIGH_DIFFICULTY_AI_MEDIEVAL"),
("PRODUCTION_SCALING_RENAISSANCE", "MODIFIER_PLAYER_CITIES_ADJUST_CITY_YIELD_MODIFIER", "HIGH_DIFFICULTY_AI_RENAISSANCE"),
("PRODUCTION_SCALING_INDUSTRIAL", "MODIFIER_PLAYER_CITIES_ADJUST_CITY_YIELD_MODIFIER", "HIGH_DIFFICULTY_AI_INDUSTRIAL"),
("PRODUCTION_SCALING_MODERN", "MODIFIER_PLAYER_CITIES_ADJUST_CITY_YIELD_MODIFIER", "HIGH_DIFFICULTY_AI_MODERN"),
("PRODUCTION_SCALING_ATOMIC", "MODIFIER_PLAYER_CITIES_ADJUST_CITY_YIELD_MODIFIER", "HIGH_DIFFICULTY_AI_ATOMIC"),
("PRODUCTION_SCALING_INFO", "MODIFIER_PLAYER_CITIES_ADJUST_CITY_YIELD_MODIFIER", "HIGH_DIFFICULTY_AI_INFO"),
("PRODUCTION_SCALING_FUTURE", "MODIFIER_PLAYER_CITIES_ADJUST_CITY_YIELD_MODIFIER", "HIGH_DIFFICULTY_AI_FUTURE"),
("GOLD_SCALING_CLASSICAL", "MODIFIER_PLAYER_CITIES_ADJUST_CITY_YIELD_MODIFIER", "HIGH_DIFFICULTY_AI_CLASSICAL"),
("GOLD_SCALING_MEDIEVAL", "MODIFIER_PLAYER_CITIES_ADJUST_CITY_YIELD_MODIFIER", "HIGH_DIFFICULTY_AI_MEDIEVAL"),
("GOLD_SCALING_RENAISSANCE", "MODIFIER_PLAYER_CITIES_ADJUST_CITY_YIELD_MODIFIER", "HIGH_DIFFICULTY_AI_RENAISSANCE"),
("GOLD_SCALING_INDUSTRIAL", "MODIFIER_PLAYER_CITIES_ADJUST_CITY_YIELD_MODIFIER", "HIGH_DIFFICULTY_AI_INDUSTRIAL"),
("GOLD_SCALING_MODERN", "MODIFIER_PLAYER_CITIES_ADJUST_CITY_YIELD_MODIFIER", "HIGH_DIFFICULTY_AI_MODERN"),
("GOLD_SCALING_ATOMIC", "MODIFIER_PLAYER_CITIES_ADJUST_CITY_YIELD_MODIFIER", "HIGH_DIFFICULTY_AI_ATOMIC"),
("GOLD_SCALING_INFO", "MODIFIER_PLAYER_CITIES_ADJUST_CITY_YIELD_MODIFIER", "HIGH_DIFFICULTY_AI_INFO"),
("GOLD_SCALING_FUTURE", "MODIFIER_PLAYER_CITIES_ADJUST_CITY_YIELD_MODIFIER", "HIGH_DIFFICULTY_AI_FUTURE"),
("SCIENCE_SCALING_CLASSICAL", "MODIFIER_PLAYER_CITIES_ADJUST_CITY_YIELD_MODIFIER", "HIGH_DIFFICULTY_AI_CLASSICAL"),
("SCIENCE_SCALING_MEDIEVAL", "MODIFIER_PLAYER_CITIES_ADJUST_CITY_YIELD_MODIFIER", "HIGH_DIFFICULTY_AI_MEDIEVAL"),
("SCIENCE_SCALING_RENAISSANCE", "MODIFIER_PLAYER_CITIES_ADJUST_CITY_YIELD_MODIFIER", "HIGH_DIFFICULTY_AI_RENAISSANCE"),
("SCIENCE_SCALING_INDUSTRIAL", "MODIFIER_PLAYER_CITIES_ADJUST_CITY_YIELD_MODIFIER", "HIGH_DIFFICULTY_AI_INDUSTRIAL"),
("SCIENCE_SCALING_MODERN", "MODIFIER_PLAYER_CITIES_ADJUST_CITY_YIELD_MODIFIER", "HIGH_DIFFICULTY_AI_MODERN"),
("SCIENCE_SCALING_ATOMIC", "MODIFIER_PLAYER_CITIES_ADJUST_CITY_YIELD_MODIFIER", "HIGH_DIFFICULTY_AI_ATOMIC"),
("SCIENCE_SCALING_INFO", "MODIFIER_PLAYER_CITIES_ADJUST_CITY_YIELD_MODIFIER", "HIGH_DIFFICULTY_AI_INFO"),
("SCIENCE_SCALING_FUTURE", "MODIFIER_PLAYER_CITIES_ADJUST_CITY_YIELD_MODIFIER", "HIGH_DIFFICULTY_AI_FUTURE"),
("CULTURE_SCALING_CLASSICAL", "MODIFIER_PLAYER_CITIES_ADJUST_CITY_YIELD_MODIFIER", "HIGH_DIFFICULTY_AI_CLASSICAL"),
("CULTURE_SCALING_MEDIEVAL", "MODIFIER_PLAYER_CITIES_ADJUST_CITY_YIELD_MODIFIER", "HIGH_DIFFICULTY_AI_MEDIEVAL"),
("CULTURE_SCALING_RENAISSANCE", "MODIFIER_PLAYER_CITIES_ADJUST_CITY_YIELD_MODIFIER", "HIGH_DIFFICULTY_AI_RENAISSANCE"),
("CULTURE_SCALING_INDUSTRIAL", "MODIFIER_PLAYER_CITIES_ADJUST_CITY_YIELD_MODIFIER", "HIGH_DIFFICULTY_AI_INDUSTRIAL"),
("CULTURE_SCALING_MODERN", "MODIFIER_PLAYER_CITIES_ADJUST_CITY_YIELD_MODIFIER", "HIGH_DIFFICULTY_AI_MODERN"),
("CULTURE_SCALING_ATOMIC", "MODIFIER_PLAYER_CITIES_ADJUST_CITY_YIELD_MODIFIER", "HIGH_DIFFICULTY_AI_ATOMIC"),
("CULTURE_SCALING_INFO", "MODIFIER_PLAYER_CITIES_ADJUST_CITY_YIELD_MODIFIER", "HIGH_DIFFICULTY_AI_INFO"),
("CULTURE_SCALING_FUTURE", "MODIFIER_PLAYER_CITIES_ADJUST_CITY_YIELD_MODIFIER", "HIGH_DIFFICULTY_AI_FUTURE"),
("FAITH_SCALING_CLASSICAL", "MODIFIER_PLAYER_CITIES_ADJUST_CITY_YIELD_MODIFIER", "HIGH_DIFFICULTY_AI_CLASSICAL"),
("FAITH_SCALING_MEDIEVAL", "MODIFIER_PLAYER_CITIES_ADJUST_CITY_YIELD_MODIFIER", "HIGH_DIFFICULTY_AI_MEDIEVAL"),
("FAITH_SCALING_RENAISSANCE", "MODIFIER_PLAYER_CITIES_ADJUST_CITY_YIELD_MODIFIER", "HIGH_DIFFICULTY_AI_RENAISSANCE"),
("FAITH_SCALING_INDUSTRIAL", "MODIFIER_PLAYER_CITIES_ADJUST_CITY_YIELD_MODIFIER", "HIGH_DIFFICULTY_AI_INDUSTRIAL"),
("FAITH_SCALING_MODERN", "MODIFIER_PLAYER_CITIES_ADJUST_CITY_YIELD_MODIFIER", "HIGH_DIFFICULTY_AI_MODERN"),
("FAITH_SCALING_ATOMIC", "MODIFIER_PLAYER_CITIES_ADJUST_CITY_YIELD_MODIFIER", "HIGH_DIFFICULTY_AI_ATOMIC"),
("FAITH_SCALING_INFO", "MODIFIER_PLAYER_CITIES_ADJUST_CITY_YIELD_MODIFIER", "HIGH_DIFFICULTY_AI_INFO"),
("FAITH_SCALING_FUTURE", "MODIFIER_PLAYER_CITIES_ADJUST_CITY_YIELD_MODIFIER", "HIGH_DIFFICULTY_AI_FUTURE");

INSERT INTO ModifierArguments (ModifierId, Name, Value) VALUES
("PRODUCTION_SCALING_CLASSICAL", "YieldType", "YIELD_PRODUCTION"),
("PRODUCTION_SCALING_MEDIEVAL", "YieldType", "YIELD_PRODUCTION"),
("PRODUCTION_SCALING_RENAISSANCE", "YieldType", "YIELD_PRODUCTION"),
("PRODUCTION_SCALING_INDUSTRIAL", "YieldType", "YIELD_PRODUCTION"),
("PRODUCTION_SCALING_MODERN", "YieldType", "YIELD_PRODUCTION"),
("PRODUCTION_SCALING_ATOMIC", "YieldType", "YIELD_PRODUCTION"),
("PRODUCTION_SCALING_INFO", "YieldType", "YIELD_PRODUCTION"),
("PRODUCTION_SCALING_FUTURE", "YieldType", "YIELD_PRODUCTION"),
("GOLD_SCALING_CLASSICAL", "YieldType", "YIELD_GOLD"),
("GOLD_SCALING_MEDIEVAL", "YieldType", "YIELD_GOLD"),
("GOLD_SCALING_RENAISSANCE", "YieldType", "YIELD_GOLD"),
("GOLD_SCALING_INDUSTRIAL", "YieldType", "YIELD_GOLD"),
("GOLD_SCALING_MODERN", "YieldType", "YIELD_GOLD"),
("GOLD_SCALING_ATOMIC", "YieldType", "YIELD_GOLD"),
("GOLD_SCALING_INFO", "YieldType", "YIELD_GOLD"),
("GOLD_SCALING_FUTURE", "YieldType", "YIELD_GOLD"),
("SCIENCE_SCALING_CLASSICAL", "YieldType", "YIELD_SCIENCE"),
("SCIENCE_SCALING_MEDIEVAL", "YieldType", "YIELD_SCIENCE"),
("SCIENCE_SCALING_RENAISSANCE", "YieldType", "YIELD_SCIENCE"),
("SCIENCE_SCALING_INDUSTRIAL", "YieldType", "YIELD_SCIENCE"),
("SCIENCE_SCALING_MODERN", "YieldType", "YIELD_SCIENCE"),
("SCIENCE_SCALING_ATOMIC", "YieldType", "YIELD_SCIENCE"),
("SCIENCE_SCALING_INFO", "YieldType", "YIELD_SCIENCE"),
("SCIENCE_SCALING_FUTURE", "YieldType", "YIELD_SCIENCE"),
("CULTURE_SCALING_CLASSICAL", "YieldType", "YIELD_CULTURE"),
("CULTURE_SCALING_MEDIEVAL", "YieldType", "YIELD_CULTURE"),
("CULTURE_SCALING_RENAISSANCE", "YieldType", "YIELD_CULTURE"),
("CULTURE_SCALING_INDUSTRIAL", "YieldType", "YIELD_CULTURE"),
("CULTURE_SCALING_MODERN", "YieldType", "YIELD_CULTURE"),
("CULTURE_SCALING_ATOMIC", "YieldType", "YIELD_CULTURE"),
("CULTURE_SCALING_INFO", "YieldType", "YIELD_CULTURE"),
("CULTURE_SCALING_FUTURE", "YieldType", "YIELD_CULTURE"),
("FAITH_SCALING_CLASSICAL", "YieldType", "YIELD_FAITH"),
("FAITH_SCALING_MEDIEVAL", "YieldType", "YIELD_FAITH"),
("FAITH_SCALING_RENAISSANCE", "YieldType", "YIELD_FAITH"),
("FAITH_SCALING_INDUSTRIAL", "YieldType", "YIELD_FAITH"),
("FAITH_SCALING_MODERN", "YieldType", "YIELD_FAITH"),
("FAITH_SCALING_ATOMIC", "YieldType", "YIELD_FAITH"),
("FAITH_SCALING_INFO", "YieldType", "YIELD_FAITH"),
("FAITH_SCALING_FUTURE", "YieldType", "YIELD_FAITH");

-- Scale production and gold by +5% per difficulty per era.
INSERT INTO ModifierArguments (ModifierId, Name, Type, Value, Extra) VALUES
("PRODUCTION_SCALING_CLASSICAL", "Amount", "LinearScaleFromDefaultHandicap", 0, 5),
("PRODUCTION_SCALING_MEDIEVAL", "Amount", "LinearScaleFromDefaultHandicap", 0, 5),
("PRODUCTION_SCALING_RENAISSANCE", "Amount", "LinearScaleFromDefaultHandicap", 0, 5),
("PRODUCTION_SCALING_INDUSTRIAL", "Amount", "LinearScaleFromDefaultHandicap", 0, 5),
("PRODUCTION_SCALING_MODERN", "Amount", "LinearScaleFromDefaultHandicap", 0, 5),
("PRODUCTION_SCALING_ATOMIC", "Amount", "LinearScaleFromDefaultHandicap", 0, 5),
("PRODUCTION_SCALING_INFO", "Amount", "LinearScaleFromDefaultHandicap", 0, 5),
("PRODUCTION_SCALING_FUTURE", "Amount", "LinearScaleFromDefaultHandicap", 0, 5),
("GOLD_SCALING_CLASSICAL", "Amount", "LinearScaleFromDefaultHandicap", 0, 5),
("GOLD_SCALING_MEDIEVAL", "Amount", "LinearScaleFromDefaultHandicap", 0, 5),
("GOLD_SCALING_RENAISSANCE", "Amount", "LinearScaleFromDefaultHandicap", 0, 5),
("GOLD_SCALING_INDUSTRIAL", "Amount", "LinearScaleFromDefaultHandicap", 0, 5),
("GOLD_SCALING_MODERN", "Amount", "LinearScaleFromDefaultHandicap", 0, 5),
("GOLD_SCALING_ATOMIC", "Amount", "LinearScaleFromDefaultHandicap", 0, 5),
("GOLD_SCALING_INFO", "Amount", "LinearScaleFromDefaultHandicap", 0, 5),
("GOLD_SCALING_FUTURE", "Amount", "LinearScaleFromDefaultHandicap", 0, 5);

-- Scale science, culture and faith by +3% per difficulty per era.
INSERT INTO ModifierArguments (ModifierId, Name, Type, Value, Extra) VALUES
("SCIENCE_SCALING_CLASSICAL", "Amount", "LinearScaleFromDefaultHandicap", 0, 3),
("SCIENCE_SCALING_MEDIEVAL", "Amount", "LinearScaleFromDefaultHandicap", 0, 3),
("SCIENCE_SCALING_RENAISSANCE", "Amount", "LinearScaleFromDefaultHandicap", 0, 3),
("SCIENCE_SCALING_INDUSTRIAL", "Amount", "LinearScaleFromDefaultHandicap", 0, 3),
("SCIENCE_SCALING_MODERN", "Amount", "LinearScaleFromDefaultHandicap", 0, 3),
("SCIENCE_SCALING_ATOMIC", "Amount", "LinearScaleFromDefaultHandicap", 0, 3),
("SCIENCE_SCALING_INFO", "Amount", "LinearScaleFromDefaultHandicap", 0, 3),
("SCIENCE_SCALING_FUTURE", "Amount", "LinearScaleFromDefaultHandicap", 0, 3),
("CULTURE_SCALING_CLASSICAL", "Amount", "LinearScaleFromDefaultHandicap", 0, 3),
("CULTURE_SCALING_MEDIEVAL", "Amount", "LinearScaleFromDefaultHandicap", 0, 3),
("CULTURE_SCALING_RENAISSANCE", "Amount", "LinearScaleFromDefaultHandicap", 0, 3),
("CULTURE_SCALING_INDUSTRIAL", "Amount", "LinearScaleFromDefaultHandicap", 0, 3),
("CULTURE_SCALING_MODERN", "Amount", "LinearScaleFromDefaultHandicap", 0, 3),
("CULTURE_SCALING_ATOMIC", "Amount", "LinearScaleFromDefaultHandicap", 0, 3),
("CULTURE_SCALING_INFO", "Amount", "LinearScaleFromDefaultHandicap", 0, 3),
("CULTURE_SCALING_FUTURE", "Amount", "LinearScaleFromDefaultHandicap", 0, 3),
("FAITH_SCALING_CLASSICAL", "Amount", "LinearScaleFromDefaultHandicap", 0, 3),
("FAITH_SCALING_MEDIEVAL", "Amount", "LinearScaleFromDefaultHandicap", 0, 3),
("FAITH_SCALING_RENAISSANCE", "Amount", "LinearScaleFromDefaultHandicap", 0, 3),
("FAITH_SCALING_INDUSTRIAL", "Amount", "LinearScaleFromDefaultHandicap", 0, 3),
("FAITH_SCALING_MODERN", "Amount", "LinearScaleFromDefaultHandicap", 0, 3),
("FAITH_SCALING_ATOMIC", "Amount", "LinearScaleFromDefaultHandicap", 0, 3),
("FAITH_SCALING_INFO", "Amount", "LinearScaleFromDefaultHandicap", 0, 3),
("FAITH_SCALING_FUTURE", "Amount", "LinearScaleFromDefaultHandicap", 0, 3);
